-- MySQL dump 10.13  Distrib 8.0.36, for Win64 (x86_64)
--
-- Host: 127.0.0.1    Database: f451_recipes
-- ------------------------------------------------------
-- Server version	8.0.36

/*!40101 SET @OLD_CHARACTER_SET_CLIENT=@@CHARACTER_SET_CLIENT */;
/*!40101 SET @OLD_CHARACTER_SET_RESULTS=@@CHARACTER_SET_RESULTS */;
/*!40101 SET @OLD_COLLATION_CONNECTION=@@COLLATION_CONNECTION */;
/*!50503 SET NAMES utf8 */;
/*!40103 SET @OLD_TIME_ZONE=@@TIME_ZONE */;
/*!40103 SET TIME_ZONE='+00:00' */;
/*!40014 SET @OLD_UNIQUE_CHECKS=@@UNIQUE_CHECKS, UNIQUE_CHECKS=0 */;
/*!40014 SET @OLD_FOREIGN_KEY_CHECKS=@@FOREIGN_KEY_CHECKS, FOREIGN_KEY_CHECKS=0 */;
/*!40101 SET @OLD_SQL_MODE=@@SQL_MODE, SQL_MODE='NO_AUTO_VALUE_ON_ZERO' */;
/*!40111 SET @OLD_SQL_NOTES=@@SQL_NOTES, SQL_NOTES=0 */;

--
-- Table structure for table `comments`
--

DROP TABLE IF EXISTS `comments`;
/*!40101 SET @saved_cs_client     = @@character_set_client */;
/*!50503 SET character_set_client = utf8mb4 */;
CREATE TABLE `comments` (
  `id` int NOT NULL AUTO_INCREMENT,
  `user_id` int NOT NULL,
  `recipe_id` int NOT NULL,
  `comment` text NOT NULL,
  `created_at` datetime NOT NULL DEFAULT CURRENT_TIMESTAMP,
  PRIMARY KEY (`id`),
  KEY `user_id` (`user_id`),
  KEY `recipe_id` (`recipe_id`),
  CONSTRAINT `comments_ibfk_1` FOREIGN KEY (`user_id`) REFERENCES `users` (`id`),
  CONSTRAINT `comments_ibfk_2` FOREIGN KEY (`recipe_id`) REFERENCES `recipes` (`id`)
) ENGINE=InnoDB AUTO_INCREMENT=9 DEFAULT CHARSET=utf8mb4 COLLATE=utf8mb4_0900_ai_ci;
/*!40101 SET character_set_client = @saved_cs_client */;

--
-- Dumping data for table `comments`
--

LOCK TABLES `comments` WRITE;
/*!40000 ALTER TABLE `comments` DISABLE KEYS */;
/*!40000 ALTER TABLE `comments` ENABLE KEYS */;
UNLOCK TABLES;

--
-- Table structure for table `favorite_ingredients`
--

DROP TABLE IF EXISTS `favorite_ingredients`;
/*!40101 SET @saved_cs_client     = @@character_set_client */;
/*!50503 SET character_set_client = utf8mb4 */;
CREATE TABLE `favorite_ingredients` (
  `user_id` int NOT NULL,
  `ingredient_id` int NOT NULL,
  PRIMARY KEY (`user_id`,`ingredient_id`),
  KEY `ingredient_id` (`ingredient_id`),
  CONSTRAINT `favorite_ingredients_ibfk_1` FOREIGN KEY (`user_id`) REFERENCES `users` (`id`),
  CONSTRAINT `favorite_ingredients_ibfk_2` FOREIGN KEY (`ingredient_id`) REFERENCES `ingredients` (`id`)
) ENGINE=InnoDB DEFAULT CHARSET=utf8mb4 COLLATE=utf8mb4_0900_ai_ci;
/*!40101 SET character_set_client = @saved_cs_client */;

--
-- Dumping data for table `favorite_ingredients`
--

LOCK TABLES `favorite_ingredients` WRITE;
/*!40000 ALTER TABLE `favorite_ingredients` DISABLE KEYS */;
/*!40000 ALTER TABLE `favorite_ingredients` ENABLE KEYS */;
UNLOCK TABLES;

--
-- Table structure for table `favorites`
--

DROP TABLE IF EXISTS `favorites`;
/*!40101 SET @saved_cs_client     = @@character_set_client */;
/*!50503 SET character_set_client = utf8mb4 */;
CREATE TABLE `favorites` (
  `user_id` int NOT NULL,
  `recipe_id` int NOT NULL,
  PRIMARY KEY (`user_id`,`recipe_id`),
  KEY `recipe_id` (`recipe_id`),
  CONSTRAINT `favorites_ibfk_1` FOREIGN KEY (`user_id`) REFERENCES `users` (`id`),
  CONSTRAINT `favorites_ibfk_2` FOREIGN KEY (`recipe_id`) REFERENCES `recipes` (`id`)
) ENGINE=InnoDB DEFAULT CHARSET=utf8mb4 COLLATE=utf8mb4_0900_ai_ci;
/*!40101 SET character_set_client = @saved_cs_client */;

--
-- Dumping data for table `favorites`
--

LOCK TABLES `favorites` WRITE;
/*!40000 ALTER TABLE `favorites` DISABLE KEYS */;
/*!40000 ALTER TABLE `favorites` ENABLE KEYS */;
UNLOCK TABLES;

--
-- Table structure for table `ingredients`
--

DROP TABLE IF EXISTS `ingredients`;
/*!40101 SET @saved_cs_client     = @@character_set_client */;
/*!50503 SET character_set_client = utf8mb4 */;
CREATE TABLE `ingredients` (
  `id` int NOT NULL AUTO_INCREMENT,
  `name` varchar(255) NOT NULL,
  `unit` varchar(255) DEFAULT NULL,
  `is_favorite` tinyint(1) DEFAULT '0',
  PRIMARY KEY (`id`)
) ENGINE=InnoDB AUTO_INCREMENT=420 DEFAULT CHARSET=utf8mb4 COLLATE=utf8mb4_0900_ai_ci;
/*!40101 SET character_set_client = @saved_cs_client */;

--
-- Dumping data for table `ingredients`
--

LOCK TABLES `ingredients` WRITE;
/*!40000 ALTER TABLE `ingredients` DISABLE KEYS */;
INSERT INTO `ingredients` VALUES (1,'Bananas','Count',0),(2,'All-purpose flour','Cups',0),(3,'Baking soda','Teaspoons',0),(4,'Salt','Teaspoons',0),(5,'Unsalted butter','Cups',0),(6,'Granulated sugar','Cups',0),(7,'Eggs','Count',0),(8,'Vanilla extract','Teaspoons',0),(9,'Chopped nuts','Cups',0),(10,'All-purpose flour','Cups',0),(11,'Baking soda','Teaspoons',0),(12,'Salt','Teaspoons',0),(13,'Unsalted butter','Cups',0),(14,'Granulated sugar','Cups',0),(15,'Brown sugar','Cups',0),(16,'Eggs','Count',0),(17,'Vanilla extract','Teaspoons',0),(18,'Semisweet chocolate chips','Cups',0),(19,'Spaghetti','Ounces',0),(20,'Eggs','Count',0),(21,'Grated Parmesan cheese','Cups',0),(22,'Pancetta or bacon','Ounces',0),(23,'Garlic cloves','Count',0),(24,'Freshly ground black pepper','Teaspoons',0),(25,'Salt','Teaspoons',0),(26,'Broccoli florets','Cups',0),(27,'Carrots','Cups',0),(28,'Bell peppers','Cups',0),(29,'Snap peas','Cups',0),(30,'Onion','Count',0),(31,'Garlic cloves','Count',0),(32,'Ginger (fresh)','Teaspoons',0),(33,'Soy sauce','Tablespoons',0),(34,'Sesame oil','Teaspoons',0),(35,'Vegetable oil','Tablespoons',0),(36,'Rice vinegar','Tablespoons',0),(37,'Cornstarch','Tablespoons',0),(38,'Water','Tablespoons',0),(39,'Fettuccine pasta','Ounces',0),(40,'Chicken breast','Count',0),(41,'Garlic cloves','Count',0),(42,'Butter','Tablespoons',0),(43,'Heavy cream','Cups',0),(44,'Grated Parmesan cheese','Cups',0),(45,'Salt','Teaspoons',0),(46,'Black pepper','Teaspoons',0),(47,'Fresh parsley','Tablespoons',0),(48,'Quinoa','Cups',0),(49,'Cherry tomatoes','Cups',0),(50,'Cucumber','Count',0),(51,'Red bell pepper','Count',0),(52,'Red onion','Count',0),(53,'Fresh parsley','Cups',0),(54,'Lemon','Count',0),(55,'Extra virgin olive oil','Tablespoons',0),(56,'Garlic clove','Count',0),(57,'Salt','Teaspoons',0),(58,'Black pepper','Teaspoons',0),(59,'Potatoes','Count',0),(60,'Carrots','Count',0),(61,'Bell peppers (assorted colors)','Count',0),(62,'Onion','Count',0),(63,'Garlic cloves','Count',0),(64,'Ginger (fresh)','Teaspoons',0),(65,'Coconut milk','Cups',0),(66,'Curry powder','Tablespoons',0),(67,'Vegetable broth','Cups',0),(68,'Tomato paste','Tablespoons',0),(69,'Vegetable oil','Tablespoons',0),(70,'Salt','Teaspoons',0),(71,'Black pepper','Teaspoons',0),(72,'Salmon fillets','Count',0),(73,'Lemon','Count',0),(74,'Fresh parsley','Tablespoons',0),(75,'Fresh dill','Tablespoons',0),(76,'Butter','Tablespoons',0),(77,'Garlic clove','Count',0),(78,'Salt','Teaspoons',0),(79,'Black pepper','Teaspoons',0),(80,'Eggs','Count',0),(81,'Bell pepper','Count',0),(82,'Onion','Count',0),(83,'Tomato','Count',0),(84,'Mushrooms','Cups',0),(85,'Cheese','Cups',0),(86,'Salt','Teaspoons',0),(87,'Black pepper','Teaspoons',0),(88,'Butter or oil','Tablespoons',0),(89,'Whole chicken','Count',0),(90,'Basmati rice','Cups',0),(91,'Onion','Count',0),(92,'Garlic cloves','Count',0),(93,'Ginger','Tablespoons',0),(94,'Cardamom pods','Count',0),(95,'Cinnamon stick','Count',0),(96,'Cloves','Count',0),(97,'Black peppercorns','Teaspoons',0),(98,'Bay leaves','Count',0),(99,'Turmeric powder','Teaspoons',0),(100,'Coriander powder','Teaspoons',0),(101,'Salt','Teaspoons',0),(102,'Butter or ghee','Tablespoons',0),(103,'Almonds','Cups',0),(104,'Chicken thighs ','Count',0),(105,'Soy sauce','Cups',0),(106,'Mirin','Cups',0),(107,'Sake','Cups',0),(108,'Brown sugar','Cups',0),(109,'Garlic cloves','Count',0),(110,'Ginger','Tablespoons',0),(111,'Vegetable oil','Tablespoons',0),(112,'Green onions','Count',0),(113,'Sesame seeds','Tablespoons',0),(114,'Shrimp','Pounds',0),(115,'Honey','Cups',0),(116,'Soy sauce','Cups',0),(117,'Garlic cloves','Count',0),(118,'Ginger','Tablespoons',0),(119,'Vegetable oil','Tablespoons',0),(120,'Green onions','Count',0),(121,'Sesame seed','Tablespoons',0),(122,'Olive oil','Tablespoons',0),(123,'Onion','Count',0),(124,'Carrots','Count',0),(125,'Celery stalks','Count',0),(126,'Garlic cloves ','Count',0),(127,'Tomatoes','Cups',0),(128,'Vegetable broth','Cups',0),(129,'Kidney beans (cooked)','Cups',0),(130,'Cannellini beans (cooked)','Cups',0),(131,'Green beans (cut into bite-sized pieces)','Cups',0),(132,'Ditalini pasta (or any small pasta)','Cups',0),(133,'Fresh basil','Tablespoons',0),(134,'Salt','Teaspoons',0),(135,'Black pepper','Teaspoons',0),(136,'Parmesan cheese (grated, optional)','Tablespoons',0),(137,'Ground beef','Pounds',0),(138,'Ground pork','Pounds',0),(139,'Breadcrumbs','Cups',0),(140,'Egg','Count',0),(141,'Onion (finely chopped)','Count',0),(142,'Garlic cloves (minced)','Count',0),(143,'Salt','Teaspoons',0),(144,'Black pepper','Teaspoons',0),(145,'Allspice','Teaspoons',0),(146,'Butter','Tablespoons',0),(147,'All-purpose flour','Cups',0),(148,'Beef broth','Cups',0),(149,'Heavy cream','Cups',0),(150,'Beef bones (or chicken bones)','Pounds',0),(151,'Water','Cups',0),(152,'Onion (halved)','Count',0),(153,'Ginger (sliced)','Inch',0),(154,'Star anise','Count',0),(155,'Cinnamon stick','Count',0),(156,'Cloves','Count',0),(157,'Fish sauce','Tablespoons',0),(158,'Salt','Teaspoons',0),(159,'Sugar','Teaspoons',0),(160,'Rice noodles (dried)','Ounces',0),(161,'Beef sirloin (thinly sliced)','Pounds',0),(162,'Fresh basil leaves','Cups',0),(163,'Fresh mint leaves','Cups',0),(164,'Bean sprouts','Cups',0),(165,'Lime (cut into wedges)','Count',0),(166,'Thai chili (sliced)','Count',0),(167,'Green onions (sliced)','Cups',0),(168,'Rice (long-grain)','Cups',0),(169,'Split black lentils (urad dal)','Cups',0),(170,'Fenugreek seeds','Teaspoons',0),(171,'Potatoes (medium, boiled and mashed)','Count',0),(172,'Onion (finely chopped)','Count',0),(173,'Green chili (finely chopped)','Count',0),(174,'Ginger (grated)','Tablespoons',0),(175,'Mustard seeds','Teaspoons',0),(176,'Curry leaves','Sprigs',0),(177,'Turmeric powder','Teaspoons',0),(178,'Salt','Teaspoons',0),(179,'Vegetable oil','Tablespoons',0),(180,'Ham slices','Count',0),(181,'Swiss cheese (sliced)','Ounces',0),(182,'Bread slices','Count',0),(183,'Butter','Tablespoons',0),(184,'All-purpose flour','Tablespoons',0),(185,'Milk','Cups',0),(186,'Nutmeg (ground)','Teaspoons',0),(187,'Salt','Teaspoons',0),(188,'Black pepper','Teaspoons',0),(189,'Olive oil','Tablespoons',0),(190,'Onion (chopped)','Count',0),(191,'Red bell pepper (chopped)','Count',0),(192,'Garlic cloves (minced)','Count',0),(193,'Tomatoes (diced)','Cups',0),(194,'Tomato paste','Tablespoons',0),(195,'Ground cumin','Teaspoons',0),(196,'Paprika','Teaspoons',0),(197,'Cayenne pepper','Teaspoons',0),(198,'Salt','Teaspoons',0),(199,'Black pepper','Teaspoons',0),(200,'Eggs','Count',0),(201,'Fresh parsley (chopped, for garnish)','Tablespoons',0),(202,'Feta cheese (crumbled, optional)','Cups',0),(203,'Corn tortillas','Count',0),(204,'Refried beans','Cups',0),(205,'Eggs','Count',0),(206,'Salsa','Cups',0),(207,'Avocado (sliced)','Count',0),(208,'Cilantro (chopped)','Tablespoons',0),(209,'Lime (cut into wedges)','Count',0),(210,'Salt','Teaspoons',0),(211,'Black pepper','Teaspoons',0),(212,'Vegetable oil','Tablespoons',0),(213,'Sushi rice','Cups',0),(214,'Nori seaweed sheets','Count',0),(215,'Rice vinegar','Cups',0),(216,'Sugar','Tablespoons',0),(217,'Salt','Teaspoons',0),(218,'Assorted fillings (e.g., fish, avocado, cucumber, crab sticks)','Variable',0),(219,'Soy sauce (for dipping)','Tablespoons',0),(220,'Wasabi (optional, for dipping)','Teaspoons',0),(221,'Pickled ginger (optional, for serving)','Count',0),(222,'Cooked rice (preferably day-old)','Cups',0),(223,'Kimchi (chopped)','Cups',0),(224,'Kimchi juice','Cups',0),(225,'Onion (chopped)','Count',0),(226,'Garlic cloves (minced)','Count',0),(227,'Soy sauce','Tablespoons',0),(228,'Sesame oil','Tablespoons',0),(229,'Vegetable oil','Tablespoons',0),(230,'Green onions (sliced)','Count',0),(231,'Eggs (optional)','Count',0),(232,'Sesame seeds (for garnish)','Tablespoons',0),(233,'English muffins','Count',0),(234,'Canadian bacon (or ham)','Slices',0),(235,'Eggs','Count',0),(236,'White vinegar','Tablespoons',0),(237,'Butter','Tablespoons',0),(238,'Egg yolks','Count',0),(239,'Lemon juice','Tablespoons',0),(240,'Salt','Teaspoons',0),(241,'Cayenne pepper','Teaspoons',0),(242,'Paprika (for garnish)','Teaspoons',0),(243,'Chopped fresh parsley (for garnish)','Tablespoons',0),(244,'Rice noodles (dry)','Ounces',0),(245,'Tofu (extra-firm, cubed)','Ounces',0),(246,'Shrimp (peeled and deveined)','Ounces',0),(247,'Chicken breast (sliced)','Ounces',0),(248,'Bean sprouts','Cups',0),(249,'Green onions (chopped)','Count',0),(250,'Eggs','Count',0),(251,'Vegetable oil','Tablespoons',0),(252,'Garlic (minced)','Teaspoons',0),(253,'Tamarind paste','Tablespoons',0),(254,'Fish sauce','Tablespoons',0),(255,'Soy sauce','Tablespoons',0),(256,'Sugar','Tablespoons',0),(257,'Lime (cut into wedges)','Count',0),(258,'Roasted peanuts (crushed)','Cups',0),(259,'Fresh cilantro (chopped)','Cups',0),(260,'Bacon strips','Count',0),(261,'Eggs','Count',0),(262,'Pork sausages','Count',0),(263,'Canned baked beans','Cups',0),(264,'Tomatoes (halved)','Count',0),(265,'Mushrooms (sliced)','Cups',0),(266,'Butter','Tablespoons',0),(267,'Bread slices (for toast)','Count',0),(268,'Salt','Teaspoons',0),(269,'Black pepper','Teaspoons',0),(270,'Chickpeas (canned, drained and rinsed)','Cups',0),(271,'Garlic cloves','Count',0),(272,'Onion (chopped)','Count',0),(273,'Fresh parsley (chopped)','Cups',0),(274,'Ground cumin','Teaspoons',0),(275,'Ground coriander','Teaspoons',0),(276,'Baking powder','Teaspoons',0),(277,'Salt','Teaspoons',0),(278,'Black pepper','Teaspoons',0),(279,'All-purpose flour','Cups',0),(280,'Vegetable oil (for frying)','Cups',0),(281,'Pita bread','Count',0),(282,'Lettuce (shredded)','Cups',0),(283,'Tomatoes (sliced)','Count',0),(284,'Cucumber (sliced)','Count',0),(285,'Red onion (sliced)','Count',0),(286,'Tahini sauce','Cups',0),(287,'Pie crust (store-bought or homemade)','Count',0),(288,'Bacon (chopped)','Cups',0),(289,'Eggs','Count',0),(290,'Heavy cream','Cups',0),(291,'Milk','Cups',0),(292,'Gruyere cheese (grated)','Cups',0),(293,'Salt','Teaspoons',0),(294,'Black pepper','Teaspoons',0),(295,'Nutmeg (ground)','Teaspoons',0),(296,'Boneless, skinless chicken thighs','Pounds',0),(297,'Plain yogurt','Cups',0),(298,'Lemon juice','Cups',0),(299,'Ground cumin','Teaspoons',0),(300,'Ground paprika','Teaspoons',0),(301,'Ground turmeric','Teaspoons',0),(302,'Ground coriander','Teaspoons',0),(303,'Garam masala','Teaspoons',0),(304,'Salt','Teaspoons',0),(305,'Black pepper','Teaspoons',0),(306,'Vegetable oil','Tablespoons',0),(307,'Onion (chopped)','Count',0),(308,'Garlic cloves (minced)','Count',0),(309,'Ginger (minced)','Tablespoons',0),(310,'Tomato sauce','Cups',0),(311,'Heavy cream','Cups',0),(312,'Fresh cilantro (chopped)','Cups',0),(313,'Cooked rice (for serving)','Cups',0),(314,'Whole duck (cleaned and dried)','Count',0),(315,'Salt','Teaspoons',0),(316,'Sichuan peppercorns','Teaspoons',0),(317,'Honey','Cups',0),(318,'Soy sauce','Cups',0),(319,'Rice vinegar','Cups',0),(320,'Water','Cups',0),(321,'Green onions (cut into 2-inch pieces)','Count',0),(322,'Fresh ginger (cut into slices)','Tablespoons',0),(323,'All-purpose flour','Cups',0),(324,'Boiling water','Cups',0),(325,'Sesame oil','Tablespoons',0),(326,'Hoisin sauce','Cups',0),(327,'Cucumber (cut into matchsticks)','Count',0),(328,'Ripe tomatoes','Count',0),(329,'Fresh mozzarella cheese','Ounces',0),(330,'Fresh basil leaves','Cups',0),(331,'Extra virgin olive oil','Tablespoons',0),(332,'Balsamic glaze','Tablespoons',0),(333,'Salt','Teaspoons',0),(334,'Black pepper','Teaspoons',0),(335,'Potatoes (peeled and diced)','Pounds',0),(336,'Vegan butter','Tablespoons',0),(337,'Almond milk (or any plant-based milk)','Cups',0),(338,'Salt','Teaspoons',0),(339,'Black pepper','Teaspoons',0),(340,'Olive oil','Tablespoons',0),(341,'Onion (chopped)','Count',0),(342,'Carrots (diced)','Cups',0),(343,'Celery (diced)','Cups',0),(344,'Garlic cloves (minced)','Count',0),(345,'Button mushrooms (sliced)','Cups',0),(346,'Lentils (cooked)','Cups',0),(347,'Vegetable broth','Cups',0),(348,'Tomato paste','Cups',0),(349,'Thyme (dried)','Teaspoons',0),(350,'Rosemary (dried)','Teaspoons',0),(351,'Firm tofu (pressed and sliced)','Ounces',0),(352,'Tortillas (large, whole wheat or gluten-free)','Count',0),(353,'Carrot (shredded)','Cups',0),(354,'Cucumber (julienned)','Cups',0),(355,'Avocado (sliced)','Count',0),(356,'Spring mix lettuce','Cups',0),(357,'Red cabbage (shredded)','Cups',0),(358,'Green onion (chopped)','Count',0),(359,'Miso paste','Tablespoons',0),(360,'Soy sauce','Tablespoons',0),(361,'Rice vinegar','Tablespoons',0),(362,'Sesame oil','Teaspoons',0),(363,'Maple syrup','Tablespoons',0),(364,'Garlic powder','Teaspoons',0),(365,'Ground ginger','Teaspoons',0),(366,'Black beans (cooked)','Cups',0),(367,'Sweet potatoes (peeled and diced)','Pounds',0),(368,'Avocado (sliced)','Count',0),(369,'Salsa','Cups',0),(370,'Cilantro (chopped)','Cups',0),(371,'Lime (juiced)','Count',0),(372,'Long-grain white rice','Cups',0),(373,'Vegetable broth','Cups',0),(374,'Salt','Teaspoons',0),(375,'Cumin','Teaspoons',0),(376,'Smoked paprika','Teaspoons',0),(377,'Garlic powder','Teaspoons',0),(378,'Black pepper','Teaspoons',0),(379,'Eggplant (large)','Count',0),(380,'All-purpose flour','Cups',0),(381,'Eggs (beaten)','Count',0),(382,'Breadcrumbs (seasoned)','Cups',0),(383,'Vegetable oil','Cups',0),(384,'Marinara sauce','Cups',0),(385,'Mozzarella cheese (shredded)','Cups',0),(386,'Parmesan cheese (grated)','Cups',0),(387,'Fresh basil leaves (chopped)','Cups',0),(388,'Salt','Teaspoons',0),(389,'Black pepper','Teaspoons',0),(390,'Pasta (linguine or spaghetti)','Ounces',0),(391,'Broccoli florets','Cups',0),(392,'Carrots (sliced)','Cups',0),(393,'Bell peppers (sliced)','Count',0),(394,'Zucchini (sliced)','Count',0),(395,'Yellow squash (sliced)','Count',0),(396,'Cherry tomatoes (halved)','Cups',0),(397,'Olive oil','Tablespoons',0),(398,'Garlic cloves (minced)','Count',0),(399,'Red pepper flakes','Teaspoons',0),(400,'Salt','Teaspoons',0),(401,'Black pepper','Teaspoons',0),(402,'Fresh basil leaves (chopped)','Cups',0),(403,'Parmesan cheese (grated)','Cups',0),(404,'Portobello mushrooms (large)','Count',0),(405,'Balsamic vinegar','Tablespoons',0),(406,'Olive oil','Tablespoons',0),(407,'Garlic cloves','Count',0),(408,'Dried thyme','Teaspoons',0),(409,'Dried rosemary','Teaspoons',0),(410,'Salt','Teaspoons',0),(411,'Black pepper','Teaspoons',0),(412,'Burger buns','Count',0),(413,'Lettuce leaves','Count',0),(414,'Tomato','Count',0),(415,'Red onion','Count',0),(416,'Avocado','Count',0),(417,'Mayonnaise','Tablespoons',0),(418,'Mustard','Tablespoons',0),(419,'A','2',0);
/*!40000 ALTER TABLE `ingredients` ENABLE KEYS */;
UNLOCK TABLES;

--
-- Table structure for table `instructions`
--

DROP TABLE IF EXISTS `instructions`;
/*!40101 SET @saved_cs_client     = @@character_set_client */;
/*!50503 SET character_set_client = utf8mb4 */;
CREATE TABLE `instructions` (
  `id` int NOT NULL AUTO_INCREMENT,
  `recipe_id` int NOT NULL,
  `step_number` int NOT NULL,
  `instruction` text,
  PRIMARY KEY (`id`),
  UNIQUE KEY `recipe_id` (`recipe_id`,`step_number`),
  CONSTRAINT `instructions_ibfk_1` FOREIGN KEY (`recipe_id`) REFERENCES `recipes` (`id`)
) ENGINE=InnoDB AUTO_INCREMENT=333 DEFAULT CHARSET=utf8mb4 COLLATE=utf8mb4_0900_ai_ci;
/*!40101 SET character_set_client = @saved_cs_client */;

--
-- Dumping data for table `instructions`
--

LOCK TABLES `instructions` WRITE;
/*!40000 ALTER TABLE `instructions` DISABLE KEYS */;
INSERT INTO `instructions` VALUES (1,1,1,'Preheat the oven to 350°F.'),(2,1,2,'Grease and flour a 9x5 inch loaf pan.'),(3,1,3,'In a medium bowl, mix together the flour, baking soda, and salt.'),(4,1,4,'In a large bowl, cream together the butter and sugar until smooth.'),(5,1,5,'Beat in the eggs, then stir in the vanilla extract and mashed bananas.'),(6,1,6,'Gradually stir in the flour mixture, mixing just until incorporated.'),(7,1,7,'Fold in the chopped nuts, if using.'),(8,1,8,'Pour the batter into the prepared loaf pan.'),(9,1,9,'Bake in preheated oven for 60 to 65 minutes, or until a toothpick inserted into the center comes out clean.'),(10,1,10,'Allow bread to cool in the pan for 10 minutes, then transfer to a wire rack to cool completely.'),(11,2,1,'Preheat the oven to 375°F.'),(12,2,2,'In a small bowl, whisk together the flour, baking soda, and salt.'),(13,2,3,'In a large mixing bowl, cream together the butter, granulated sugar, and brown sugar until light and fluffy.'),(14,2,4,'Beat in the eggs one at a time, then stir in the vanilla extract.'),(15,2,5,'Gradually mix in the dry ingredients until well combined.'),(16,2,6,'Stir in the chocolate chips until evenly distributed throughout the dough.'),(17,2,7,'Drop rounded tablespoons of dough onto ungreased baking sheets.'),(18,2,8,'Bake in preheated oven for 8 to 10 minutes, or until golden brown around the edges.'),(19,2,9,'Allow cookies to cool on baking sheets for 5 minutes, then transfer to wire racks to cool completely.'),(20,3,1,'Bring a large pot of salted water to a boil. Cook spaghetti according to package instructions until al dente.'),(21,3,2,'In a bowl, whisk together the eggs, grated Parmesan cheese, freshly ground black pepper, and salt. Set aside.'),(22,3,3,'In a large skillet, cook the pancetta or bacon over medium heat until crisp. Remove from skillet and drain on paper towels. Discard excess fat from the skillet, leaving about 1 tablespoon.'),(23,3,4,'In the same skillet with the reserved fat, add minced garlic and cook until fragrant, about 1 minute.'),(24,3,5,'Add cooked spaghetti to the skillet and toss to coat with the garlic-infused fat.'),(25,3,6,'Remove the skillet from heat and quickly pour in the egg and cheese mixture, stirring vigorously to combine. The heat from the pasta will cook the eggs and create a creamy sauce.'),(26,3,7,'Crumble the cooked pancetta or bacon and add it to the pasta, tossing to distribute evenly.'),(27,3,8,'Serve immediately with additional grated Parmesan cheese and freshly ground black pepper, if desired.'),(28,4,1,'Prepare the vegetables: cut broccoli into florets, slice carrots, dice bell peppers, trim snap peas, and thinly slice the onion.'),(29,4,2,'Mince garlic cloves and grate fresh ginger.'),(30,4,3,'In a small bowl, whisk together soy sauce, sesame oil, rice vinegar, cornstarch, and water to make the sauce. Set aside.'),(31,4,4,'Heat vegetable oil in a large skillet or wok over medium-high heat.'),(32,4,5,'Add minced garlic and grated ginger to the skillet and cook for about 30 seconds, until fragrant.'),(33,4,6,'Add onion to the skillet and stir-fry for 2-3 minutes, until softened.'),(34,4,7,'Add remaining vegetables (broccoli, carrots, bell peppers, snap peas) to the skillet and stir-fry for 4-5 minutes, until crisp-tender.'),(35,4,8,'Pour the prepared sauce over the vegetables in the skillet. Stir well to coat all the vegetables with the sauce.'),(36,4,9,'Continue cooking for another 1-2 minutes, until the sauce has thickened and the vegetables are evenly coated.'),(37,4,10,'Remove from heat and serve immediately, optionally garnished with sesame seeds or sliced green onions.'),(38,5,1,'Cook fettuccine pasta according to package instructions until al dente. Drain and set aside.'),(39,5,2,'Season chicken breasts with salt and black pepper on both sides.'),(40,5,3,'In a large skillet, heat butter over medium-high heat. Add chicken breasts and cook until golden brown and cooked through, about 6-7 minutes per side. Remove chicken from skillet and let it rest for a few minutes before slicing it into strips.'),(41,5,4,'In the same skillet, add minced garlic and cook for about 1 minute, until fragrant.'),(42,5,5,'Pour heavy cream into the skillet and bring to a simmer. Allow it to cook for 2-3 minutes, until slightly thickened.'),(43,5,6,'Stir in grated Parmesan cheese until melted and smooth, creating a creamy sauce. Season with additional salt and black pepper to taste.'),(44,5,7,'Add cooked fettuccine pasta and sliced chicken to the skillet. Toss everything together until evenly coated with the sauce.'),(45,5,8,'Garnish with freshly chopped parsley before serving.'),(46,5,9,'Serve hot and enjoy your delicious Chicken Alfredo Pasta!'),(47,6,1,'Rinse quinoa under cold water in a fine-mesh sieve. In a saucepan, combine quinoa with 2 cups of water and bring to a boil. Reduce heat to low, cover, and simmer for 15 minutes or until quinoa is cooked and water is absorbed. Remove from heat and let it cool.'),(48,6,2,'Meanwhile, chop cherry tomatoes, cucumber, red bell pepper, red onion, and fresh parsley into small pieces.'),(49,6,3,'In a small bowl, whisk together the juice of one lemon, extra virgin olive oil, minced garlic, salt, and black pepper to make the dressing.'),(50,6,4,'In a large mixing bowl, combine cooled quinoa with chopped vegetables and fresh parsley.'),(51,6,5,'Pour the dressing over the quinoa and vegetables, tossing gently to coat everything evenly.'),(52,6,6,'Adjust seasoning if needed, then cover and refrigerate for at least 30 minutes to allow flavors to meld before serving.'),(53,6,7,'Serve chilled and enjoy your refreshing Quinoa Salad!'),(54,7,1,'Peel and dice potatoes. Peel and slice carrots. Dice bell peppers. Thinly slice onion. Mince garlic cloves. Grate fresh ginger.'),(55,7,2,'In a large pot or Dutch oven, heat vegetable oil over medium heat. Add minced garlic and grated ginger, and sauté for about 1 minute until fragrant.'),(56,7,3,'Add sliced onion to the pot and cook until softened, about 2-3 minutes.'),(57,7,4,'Stir in curry powder and cook for an additional 1-2 minutes, until fragrant.'),(58,7,5,'Add diced potatoes and sliced carrots to the pot, stirring to coat with the spices.'),(59,7,6,'Pour in coconut milk, vegetable broth, and tomato paste. Stir well to combine.'),(60,7,7,'Bring the mixture to a simmer and cook for about 15-20 minutes, until the vegetables are tender and the curry has thickened.'),(61,7,8,'Add diced bell peppers to the pot and cook for an additional 5 minutes, until they are heated through but still crisp.'),(62,7,9,'Season the curry with salt and black pepper to taste.'),(63,7,10,'Serve hot over cooked rice or with naan bread. Enjoy your Vegetable Curry!'),(64,8,1,'Preheat grill to medium-high heat.'),(65,8,2,'Season salmon fillets with salt and black pepper on both sides.'),(66,8,3,'Cut half of the lemon into slices, and juice the other half. Finely chop fresh parsley and dill. Mince garlic.'),(67,8,4,'In a small saucepan, melt butter over medium heat. Add minced garlic and cook for about 1 minute until fragrant.'),(68,8,5,'Stir in chopped parsley, dill, and lemon juice. Cook for another 1-2 minutes, then remove from heat.'),(69,8,6,'Place seasoned salmon fillets and lemon slices on the preheated grill. Grill for about 4-5 minutes on each side, or until salmon is cooked through and grill marks appear.'),(70,8,7,'Transfer grilled salmon to a serving platter. Spoon the lemon herb butter sauce over the salmon fillets.'),(71,8,8,'Garnish with additional lemon slices and fresh herbs if desired.'),(72,8,9,'Serve hot and enjoy your Grilled Salmon with Lemon Herb Butter!'),(73,9,1,'Chop all vegetables (bell pepper, onion, tomato, mushrooms) finely.'),(74,9,2,'Crack eggs into a mixing bowl. Add salt and black pepper. Whisk until well combined.'),(75,9,3,'Heat butter or oil in a non-stick skillet over medium heat.'),(76,9,4,'Add chopped vegetables to the skillet and sauté for about 2-3 minutes until they are tender.'),(77,9,5,'Pour whisked eggs over the sautéed vegetables in the skillet.'),(78,9,6,'Cook the omelette for about 2-3 minutes until the edges start to set.'),(79,9,7,'Sprinkle grated cheese evenly over the omelette.'),(80,9,8,'Carefully fold the omelette in half using a spatula.'),(81,9,9,'Continue to cook for another 2-3 minutes until the cheese is melted and the omelette is cooked through.'),(82,9,10,'Slide the omelette onto a serving plate.'),(83,9,11,'Garnish with fresh herbs if desired.'),(84,9,12,'Serve hot and enjoy your Vegetable and Cheese Omelette!'),(85,10,1,'Wash the basmati rice thoroughly and soak in water for 30 minutes. Drain and set aside.'),(86,10,2,'In a large pot, heat butter or ghee over medium heat.'),(87,10,3,'Add sliced onions, garlic cloves, and ginger. Sauté until onions are translucent and fragrant.'),(88,10,4,'Add cardamom pods, cinnamon stick, cloves, black peppercorns, and bay leaves to the pot. Sauté for another 1-2 minutes.'),(89,10,5,'Add turmeric powder, coriander powder, and salt. Stir well to combine.'),(90,10,6,'Add the chicken pieces to the pot and brown them on all sides for about 5 minutes.'),(91,10,7,'Pour enough water into the pot to cover the chicken pieces. Bring to a boil, then reduce heat to low. Cover and simmer for 60-75 minutes, or until the chicken is tender and cooked through.'),(92,10,8,'While the chicken is cooking, preheat the oven to 350°F (175°C).'),(93,10,9,'Spread the soaked and drained rice evenly in a baking dish. Pour 3 cups of the chicken cooking liquid over the rice. Cover tightly with aluminum foil.'),(94,10,10,'Bake in the preheated oven for 30 minutes, or until the rice is tender and fluffy.'),(95,10,11,'Remove the foil from the baking dish. Arrange the cooked chicken pieces on top of the rice. Sprinkle slivered almonds over the chicken and rice.'),(96,10,12,'Return the dish to the oven and bake for an additional 10 minutes, or until the almonds are lightly toasted.'),(97,10,13,'Serve hot, with extra chicken cooking liquid on the side if desired. Enjoy your Mandi Chicken!'),(98,11,1,'In a mixing bowl, combine soy sauce, mirin, sake, brown sugar, minced garlic, and grated ginger. Stir until the sugar is dissolved to make the teriyaki sauce.'),(99,11,2,'Cut chicken thighs into bite-sized pieces and place them in a shallow dish or resealable plastic bag.'),(100,11,3,'Pour half of the teriyaki sauce over the chicken, reserving the remaining sauce for later. Marinate the chicken in the refrigerator for at least 30 minutes, or up to 2 hours.'),(101,11,4,'Heat vegetable oil in a large skillet or grill pan over medium-high heat.'),(102,11,5,'Remove chicken from the marinade, shaking off any excess marinade.'),(103,11,6,'Add chicken pieces to the skillet in a single layer. Cook for 5-6 minutes on each side, or until chicken is cooked through and caramelized on the edges.'),(104,11,7,'Pour the reserved teriyaki sauce into the skillet with the chicken. Cook for an additional 1-2 minutes, stirring occasionally, until the sauce thickens and coats the chicken pieces evenly.'),(105,11,8,'Garnish with sliced green onions and toasted sesame seeds.'),(106,11,9,'Serve hot over steamed rice, with vegetables on the side if desired. Enjoy your Chicken Teriyaki!'),(107,12,1,'In a bowl, whisk together honey, soy sauce, minced garlic, and grated ginger to make the sauce.'),(108,12,2,'Heat vegetable oil in a large skillet over medium-high heat.'),(109,12,3,'Add shrimp to the skillet and cook for 2-3 minutes on each side, until they turn pink and opaque.'),(110,12,4,'Reduce heat to medium and pour the honey garlic sauce over the shrimp in the skillet.'),(111,12,5,'Cook for another 2-3 minutes, stirring occasionally, until the sauce thickens and coats the shrimp evenly.'),(112,12,6,'Garnish with sliced green onions and toasted sesame seeds.'),(113,12,7,'Serve hot over steamed rice or with your favorite side dishes. Enjoy your Honey Garlic Shrimp!'),(114,13,1,'Heat olive oil in a large pot over medium heat.'),(115,13,2,'Add chopped onion, diced carrots, and diced celery to the pot. Cook for 5-6 minutes, until the vegetables begin to soften.'),(116,13,3,'Stir in minced garlic and cook for an additional 1-2 minutes, until fragrant.'),(117,13,4,'Add diced tomatoes (with their juices) to the pot, along with vegetable broth. Bring to a simmer.'),(118,13,5,'Once simmering, add cooked kidney beans, cannellini beans, and green beans to the pot. Stir well.'),(119,13,6,'Cover the pot and let the soup simmer for 15-20 minutes, allowing the flavors to meld together.'),(120,13,7,'Meanwhile, cook ditalini pasta according to package instructions. Drain and set aside.'),(121,13,8,'Once the soup has simmered, stir in the cooked pasta and chopped fresh basil. Season with salt and black pepper to taste.'),(122,13,9,'Serve hot, optionally garnishing with grated Parmesan cheese. Enjoy your Minestrone Soup!'),(123,14,1,'In a large bowl, combine ground beef, ground pork, breadcrumbs, egg, finely chopped onion, minced garlic, salt, black pepper, and allspice. Mix until well combined.'),(124,14,2,'Shape the mixture into small meatballs, about 1 inch in diameter.'),(125,14,3,'In a large skillet, melt butter over medium heat. Add the meatballs in batches and cook until browned on all sides, about 6-8 minutes. Remove meatballs from skillet and set aside.'),(126,14,4,'In the same skillet, sprinkle flour over the remaining butter and drippings. Cook, stirring constantly, for 1-2 minutes.'),(127,14,5,'Gradually whisk in beef broth until smooth. Bring to a simmer and cook until the sauce thickens, about 5 minutes.'),(128,14,6,'Stir in heavy cream and return meatballs to the skillet. Simmer for another 5-7 minutes, until the meatballs are cooked through and the sauce has thickened.'),(129,14,7,'Season with salt and pepper to taste, if needed.'),(130,14,8,'Serve hot, traditionally with lingonberry jam and mashed potatoes. Enjoy your Swedish Meatballs!'),(131,15,1,'In a large pot, add beef bones (or chicken bones) and cover with water. Bring to a boil and let it boil for 5 minutes. Then, discard the water and rinse the bones under cold water.'),(132,15,2,'Return the bones to the pot and add fresh water. Add halved onion, sliced ginger, star anise, cinnamon stick, cloves, fish sauce, salt, and sugar. Bring to a boil, then reduce heat to low and let it simmer for at least 1 hour (or up to 4 hours) to develop flavor, skimming off any foam that rises to the surface.'),(133,15,3,'While the broth simmers, prepare the rice noodles according to package instructions. Drain and set aside.'),(134,15,4,'Once the broth is ready, strain it through a fine-mesh sieve into another pot. Discard the solids.'),(135,15,5,'Bring the strained broth back to a simmer. Add thinly sliced beef sirloin and cook for 1-2 minutes, until the beef is just cooked through.'),(136,15,6,'Divide the cooked rice noodles among serving bowls. Top with the cooked beef slices.'),(137,15,7,'Ladle the hot broth over the noodles and beef.'),(138,15,8,'Serve immediately, accompanied by fresh basil leaves, mint leaves, bean sprouts, lime wedges, sliced Thai chili, and sliced green onions. Enjoy your Vietnamese Pho!'),(139,16,1,'Wash rice, split black lentils, and fenugreek seeds together. Soak them in water for at least 6 hours or overnight.'),(140,16,2,'After soaking, drain the water and grind the rice and lentil mixture to a smooth batter consistency. Add water as needed to achieve the right consistency. Let the batter ferment overnight or for 8-10 hours in a warm place.'),(141,16,3,'Heat a skillet or dosa pan over medium heat. Once hot, pour a ladleful of the dosa batter onto the skillet and spread it out in a circular motion to form a thin crepe. Drizzle some oil around the edges and cook until the bottom is golden brown and crispy. Flip and cook the other side until done. Repeat with the remaining batter to make more dosas.'),(142,16,4,'For the potato filling, heat oil in a pan. Add mustard seeds and let them splutter. Then add curry leaves, finely chopped onion, green chili, and grated ginger. Sauté until onions turn translucent.'),(143,16,5,'Add turmeric powder and salt to the onion mixture. Mix well.'),(144,16,6,'Now, add the boiled and mashed potatoes to the pan. Mix until the potatoes are well coated with the spices. Cook for a few minutes until heated through.'),(145,16,7,'To assemble, place a spoonful of the potato filling in the center of each dosa. Fold the dosa over the filling and serve hot with coconut chutney and sambar. Enjoy your Masala Dosa!'),(146,17,1,'Preheat your oven to 375°F (190°C).'),(147,17,2,'In a saucepan, melt butter over medium heat. Add flour and cook, stirring constantly, for about 2 minutes to make a roux.'),(148,17,3,'Gradually whisk in milk until smooth. Cook, stirring constantly, until the sauce thickens, about 5 minutes.'),(149,17,4,'Remove the saucepan from heat and season the béchamel sauce with ground nutmeg, salt, and black pepper.'),(150,17,5,'Place bread slices on a baking sheet. Top each slice with ham and Swiss cheese.'),(151,17,6,'Spread a layer of béchamel sauce over the cheese on each slice of bread.'),(152,17,7,'Top with another slice of bread to form sandwiches.'),(153,17,8,'Spread a thin layer of butter on the top of each sandwich.'),(154,17,9,'Bake in the preheated oven for about 10 minutes, or until the sandwiches are heated through and the cheese is melted.'),(155,17,10,'Optional: For a crispier texture, you can broil the sandwiches for an additional 1-2 minutes until golden brown on top.'),(156,17,11,'Remove from the oven and serve hot. Enjoy your Croque Monsieur!'),(157,18,1,'Heat olive oil in a large skillet over medium heat.'),(158,18,2,'Add chopped onion and red bell pepper to the skillet. Cook until softened, about 5 minutes.'),(159,18,3,'Stir in minced garlic and cook for an additional 1-2 minutes, until fragrant.'),(160,18,4,'Add diced tomatoes, tomato paste, ground cumin, paprika, cayenne pepper, salt, and black pepper to the skillet. Stir well to combine.'),(161,18,5,'Simmer the tomato and pepper mixture for 10-15 minutes, until it thickens slightly.'),(162,18,6,'Using a spoon, create small wells in the sauce. Crack an egg into each well.'),(163,18,7,'Cover the skillet and let the eggs cook in the sauce until the whites are set but the yolks are still runny, about 5-7 minutes.'),(164,18,8,'Once the eggs are cooked to your liking, remove the skillet from heat.'),(165,18,9,'Garnish with chopped fresh parsley and crumbled feta cheese, if desired.'),(166,18,10,'Serve hot, directly from the skillet, with crusty bread or pita for dipping. Enjoy your Shakshuka!'),(167,19,1,'Heat vegetable oil in a skillet over medium heat.'),(168,19,2,'Warm corn tortillas in the skillet for about 1 minute on each side, until they are heated through and pliable. Remove and set aside.'),(169,19,3,'In the same skillet, fry eggs to your desired doneness, seasoning with salt and black pepper to taste.'),(170,19,4,'Spread a layer of refried beans onto each warmed tortilla.'),(171,19,5,'Place a fried egg on top of the refried beans on each tortilla.'),(172,19,6,'Spoon salsa over the eggs.'),(173,19,7,'Garnish with sliced avocado and chopped cilantro.'),(174,19,8,'Serve hot, accompanied by lime wedges for squeezing over the top. Enjoy your Huevos Rancheros!'),(175,20,1,'Rinse sushi rice under cold water until the water runs clear. Cook rice according to package instructions.'),(176,20,2,'In a small saucepan, combine rice vinegar, sugar, and salt. Heat over low heat until the sugar and salt dissolve completely.'),(177,20,3,'Once the rice is cooked, transfer it to a large bowl. Drizzle the vinegar mixture over the rice and gently fold it in using a spatula. Be careful not to mash the rice. Let the seasoned rice cool to room temperature.'),(178,20,4,'Place a sheet of nori seaweed on a bamboo sushi mat with the shiny side facing down. With wet hands, spread a thin layer of seasoned rice evenly over the nori, leaving about 1 inch of space at the top edge.'),(179,20,5,'Arrange your desired fillings (e.g., fish, avocado, cucumber, crab sticks) horizontally across the center of the rice.'),(180,20,6,'Starting from the edge closest to you, tightly roll the nori and rice over the fillings, using the bamboo mat to shape the roll. Continue rolling until you reach the top edge, sealing the edge with a little water if necessary.'),(181,20,7,'Slice the sushi roll into bite-sized pieces using a sharp knife.'),(182,20,8,'Serve sushi rolls with soy sauce and wasabi for dipping, and pickled ginger on the side if desired. Enjoy your Sushi Rolls!'),(183,21,1,'Heat vegetable oil in a large skillet or wok over medium heat.'),(184,21,2,'Add chopped onion to the skillet and sauté until softened, about 3-4 minutes.'),(185,21,3,'Stir in minced garlic and cook for an additional 1 minute, until fragrant.'),(186,21,4,'Add chopped kimchi to the skillet and stir-fry for 2-3 minutes, until heated through and slightly caramelized.'),(187,21,5,'Add cooked rice to the skillet along with kimchi juice, soy sauce, and sesame oil. Stir well to combine all the ingredients.'),(188,21,6,'Continue to stir-fry the rice mixture for another 5-6 minutes, until the rice is heated through and slightly crispy on the edges.'),(189,21,7,'If using eggs, create wells in the fried rice and crack an egg into each well. Cook until the eggs are set to your liking.'),(190,21,8,'Garnish the kimchi fried rice with sliced green onions and sesame seeds.'),(191,21,9,'Serve hot as a main dish or side dish. Enjoy your Kimchi Fried Rice!'),(192,22,1,'Fill a large, shallow saucepan with water. Add white vinegar and bring the water to a simmer over medium heat.'),(193,22,2,'While the water is heating, split the English muffins and toast them until golden brown. Top each toasted half with a slice of Canadian bacon or ham.'),(194,22,3,'To poach the eggs, crack each egg into a small cup or ramekin. Carefully slide the eggs, one at a time, into the simmering water. Poach for about 3-4 minutes, until the whites are set but the yolks are still runny. Remove the poached eggs with a slotted spoon and drain on paper towels.'),(195,22,4,'For hollandaise sauce, melt butter in a small saucepan over low heat. In a blender or food processor, combine egg yolks and lemon juice. Blend until smooth.'),(196,22,5,'With the blender or food processor running, slowly pour in the melted butter in a steady stream until the sauce is thickened and creamy. Season with salt and cayenne pepper to taste.'),(197,22,6,'To assemble, place a toasted English muffin half with Canadian bacon on a plate. Top with a poached egg.'),(198,22,7,'Spoon hollandaise sauce generously over the poached egg.'),(199,22,8,'Garnish with a sprinkle of paprika and chopped fresh parsley.'),(200,22,9,'Serve immediately, while warm. Enjoy your Eggs Benedict!'),(201,23,1,'Soak the rice noodles in warm water for about 30 minutes, or until softened. Drain and set aside.'),(202,23,2,'In a small bowl, mix together tamarind paste, fish sauce, soy sauce, and sugar to make the Pad Thai sauce. Set aside.'),(203,23,3,'Heat vegetable oil in a wok or large skillet over medium-high heat.'),(204,23,4,'Add minced garlic to the wok and stir-fry for about 30 seconds, until fragrant.'),(205,23,5,'Add tofu, shrimp, or chicken to the wok and stir-fry until cooked through.'),(206,23,6,'Push the ingredients to one side of the wok. Crack eggs into the empty side and scramble until cooked.'),(207,23,7,'Add softened rice noodles to the wok, along with the Pad Thai sauce. Toss everything together until well combined and heated through.'),(208,23,8,'Stir in bean sprouts and chopped green onions, cooking for an additional 1-2 minutes.'),(209,23,9,'Remove the wok from heat. Squeeze fresh lime juice over the Pad Thai and toss to combine.'),(210,23,10,'Serve hot, garnished with crushed peanuts and chopped fresh cilantro. Enjoy your Pad Thai!'),(211,24,1,'Preheat the oven to 400°F (200°C).'),(212,24,2,'Arrange bacon strips on a baking sheet. Place halved tomatoes cut side up on the same sheet. Drizzle tomatoes with olive oil, and season with salt and pepper.'),(213,24,3,'Place the baking sheet in the oven and bake for about 15 minutes, until the bacon is crispy and the tomatoes are tender.'),(214,24,4,'While the bacon and tomatoes are baking, heat a skillet over medium heat. Add butter to the skillet and cook the sausages until browned and cooked through, about 10 minutes.'),(215,24,5,'In the same skillet, add sliced mushrooms and cook until they are tender, about 5 minutes. Remove from the skillet and set aside.'),(216,24,6,'In a separate skillet, fry eggs to your desired doneness, seasoning with salt and pepper.'),(217,24,7,'Heat canned baked beans in a saucepan over medium heat until warmed through.'),(218,24,8,'Toast bread slices until golden brown.'),(219,24,9,'Once everything is cooked, assemble the English Breakfast on plates, arranging bacon, sausages, eggs, tomatoes, mushrooms, baked beans, and toast.'),(220,24,10,'Serve hot with additional salt and pepper to taste. Enjoy your English Breakfast!'),(221,25,1,'In a food processor, combine chickpeas, garlic cloves, chopped onion, chopped parsley, ground cumin, ground coriander, baking powder, salt, and black pepper. Pulse until the mixture is well combined but still slightly chunky.'),(222,25,2,'Transfer the falafel mixture to a bowl. Stir in all-purpose flour until the mixture holds together.'),(223,25,3,'Shape the falafel mixture into small patties or balls.'),(224,25,4,'Heat vegetable oil in a skillet over medium-high heat. Fry the falafel patties or balls until golden brown and crispy on all sides, about 4-5 minutes per side. Transfer to a paper towel-lined plate to drain excess oil.'),(225,25,5,'Warm the pita bread in a skillet or microwave.'),(226,25,6,'To assemble the falafel wraps, spread a spoonful of tahini sauce onto each warm pita bread.'),(227,25,7,'Top with shredded lettuce, sliced tomatoes, sliced cucumber, and sliced red onion.'),(228,25,8,'Place a few falafel patties or balls on top of the vegetables.'),(229,25,9,'Drizzle with additional tahini sauce, if desired.'),(230,25,10,'Fold the sides of the pita bread over the filling and roll up tightly to form a wrap.'),(231,25,11,'Slice each falafel wrap in half diagonally, if desired.'),(232,25,12,'Serve immediately, while warm. Enjoy your Falafel Wrap!'),(233,26,1,'Preheat the oven to 375°F (190°C).'),(234,26,2,'Roll out the pie crust and fit it into a 9-inch tart or pie pan. Trim any excess crust hanging over the edges.'),(235,26,3,'In a skillet, cook chopped bacon over medium heat until crispy. Remove from the skillet and drain on paper towels.'),(236,26,4,'In a mixing bowl, whisk together eggs, heavy cream, milk, salt, black pepper, and ground nutmeg until well combined.'),(237,26,5,'Sprinkle grated Gruyere cheese and cooked bacon evenly over the bottom of the prepared pie crust.'),(238,26,6,'Pour the egg mixture over the cheese and bacon, filling the pie crust.'),(239,26,7,'Bake the quiche in the preheated oven for 35-40 minutes, or until the custard is set and the top is golden brown.'),(240,26,8,'Remove the quiche from the oven and let it cool for a few minutes before slicing and serving.'),(241,26,9,'Slice and serve the Quiche Lorraine warm or at room temperature. Enjoy!'),(242,27,1,'In a mixing bowl, combine plain yogurt, lemon juice, ground cumin, paprika, turmeric, coriander, garam masala, salt, and black pepper to make the marinade.'),(243,27,2,'Cut chicken thighs into bite-sized pieces and add them to the marinade. Cover and refrigerate for at least 1 hour, or overnight for best results.'),(244,27,3,'Preheat the grill to medium-high heat. Thread marinated chicken pieces onto skewers and grill until cooked through and lightly charred, about 10-12 minutes, turning occasionally. Alternatively, you can broil the chicken in the oven.'),(245,27,4,'While the chicken is cooking, heat vegetable oil in a large skillet over medium heat. Add chopped onion and cook until softened, about 5 minutes.'),(246,27,5,'Stir in minced garlic and ginger, and cook for an additional 1-2 minutes, until fragrant.'),(247,27,6,'Add tomato sauce to the skillet and bring to a simmer.'),(248,27,7,'Reduce heat to low and stir in heavy cream. Simmer gently for 10-15 minutes, stirring occasionally, until the sauce thickens.'),(249,27,8,'Once the chicken is cooked, remove it from the skewers and add it to the skillet with the sauce. Stir to coat the chicken pieces with the sauce, and simmer for an additional 5 minutes to heat through.'),(250,27,9,'Garnish with chopped fresh cilantro.'),(251,27,10,'Serve hot over cooked rice. Enjoy your Chicken Tikka Masala!'),(252,28,1,'Preheat the oven to 350°F (175°C).'),(253,28,2,'In a small bowl, mix together salt and Sichuan peppercorns.'),(254,28,3,'Score the duck skin all over with a sharp knife. Rub the salt and Sichuan peppercorn mixture evenly over the duck.'),(255,28,4,'In a separate bowl, combine honey, soy sauce, rice vinegar, and water to make the marinade.'),(256,28,5,'Stuff the duck cavity with green onions and ginger slices.'),(257,28,6,'Brush the marinade all over the duck.'),(258,28,7,'Place the duck on a rack in a roasting pan and roast in the preheated oven for about 2 hours, or until the skin is crispy and the meat is tender. Baste the duck with the marinade every 30 minutes.'),(259,28,8,'In a bowl, mix together all-purpose flour and boiling water to make a dough for the pancakes. Knead until smooth, then cover and let rest for 30 minutes.'),(260,28,9,'Divide the dough into small balls and roll each ball into a thin pancake.'),(261,28,10,'Heat a skillet over medium-high heat and brush with sesame oil. Cook each pancake for about 1-2 minutes on each side, until lightly browned and cooked through. Keep warm in a clean kitchen towel.'),(262,28,11,'Once the duck is cooked, remove it from the oven and let it rest for 10-15 minutes before carving.'),(263,28,12,'To serve, carve the duck into thin slices. Serve with warm pancakes, hoisin sauce, cucumber matchsticks, and sliced green onions.'),(264,28,13,'To eat, spread hoisin sauce on a pancake, add a few slices of duck, some cucumber matchsticks, and sliced green onions. Roll up the pancake and enjoy your Peking Duck!'),(265,29,1,'Slice the tomatoes and fresh mozzarella cheese into thin slices, about 1/4 inch thick.'),(266,29,2,'Arrange the tomato and mozzarella slices on a serving platter, alternating and overlapping them.'),(267,29,3,'Tuck fresh basil leaves in between the tomato and mozzarella slices.'),(268,29,4,'Drizzle extra virgin olive oil over the salad.'),(269,29,5,'Drizzle balsamic glaze over the salad.'),(270,29,6,'Season with salt and black pepper, to taste.'),(271,29,7,'Serve immediately as a refreshing appetizer or side dish. Enjoy your Caprese Salad!'),(272,30,1,'Preheat the oven to 375°F (190°C).'),(273,30,2,'Place diced potatoes in a large pot and cover with water. Bring to a boil over high heat, then reduce heat to medium and simmer until potatoes are tender, about 15-20 minutes. Drain the potatoes and return them to the pot.'),(274,30,3,'Add vegan butter and almond milk to the pot with the cooked potatoes. Mash until smooth and creamy. Season with salt and black pepper, to taste. Set aside.'),(275,30,4,'In a large skillet, heat olive oil over medium heat. Add chopped onion, diced carrots, and diced celery. Cook until vegetables are softened, about 5-7 minutes.'),(276,30,5,'Add minced garlic and sliced mushrooms to the skillet. Cook for an additional 3-4 minutes, until mushrooms are tender and fragrant.'),(277,30,6,'Stir in cooked lentils, vegetable broth, tomato paste, dried thyme, and dried rosemary. Simmer for 10-15 minutes, until the mixture thickens slightly.'),(278,30,7,'Transfer the lentil and vegetable mixture to a baking dish. Spread the mashed potatoes evenly over the top.'),(279,30,8,'Bake in the preheated oven for 25-30 minutes, or until the filling is bubbly and the mashed potatoes are lightly golden on top.'),(280,30,9,'Remove from the oven and let cool for a few minutes before serving.'),(281,30,10,'Serve hot and enjoy your Vegan Shepherd\'s Pie!'),(282,31,1,'Press firm tofu to remove excess water, then slice into strips.'),(283,31,2,'In a shallow dish, whisk together miso paste, soy sauce, rice vinegar, sesame oil, maple syrup, garlic powder, and ground ginger to make the marinade.'),(284,31,3,'Add tofu slices to the marinade, making sure they are well coated. Let marinate for at least 15-20 minutes.'),(285,31,4,'Heat a non-stick skillet over medium-high heat. Cook tofu slices for 3-4 minutes on each side, or until golden brown and crispy.'),(286,31,5,'Warm tortillas in the skillet or microwave for a few seconds to make them pliable.'),(287,31,6,'Place a layer of spring mix lettuce on each tortilla, followed by shredded red cabbage, shredded carrot, julienned cucumber, sliced avocado, and chopped green onion.'),(288,31,7,'Top with cooked miso tofu slices.'),(289,31,8,'Fold the sides of the tortilla over the filling, then roll up tightly to form a wrap.'),(290,31,9,'Slice the wraps in half diagonally, if desired, and serve immediately.'),(291,31,10,'Enjoy your delicious and nutritious Miso Tofu Wrap!'),(292,32,1,'Preheat the oven to 425°F (220°C).'),(293,32,2,'In a bowl, toss diced sweet potatoes with a drizzle of olive oil, salt, cumin, smoked paprika, garlic powder, and black pepper.'),(294,32,3,'Spread seasoned sweet potatoes in a single layer on a baking sheet. Roast in the preheated oven for 25-30 minutes, or until tender and lightly browned, flipping halfway through.'),(295,32,4,'In a saucepan, combine long-grain white rice, vegetable broth, and a pinch of salt. Bring to a boil over high heat, then reduce heat to low, cover, and simmer for 18-20 minutes, or until the rice is cooked and liquid is absorbed.'),(296,32,5,'Once the rice is cooked, fluff it with a fork and stir in chopped cilantro and freshly squeezed lime juice.'),(297,32,6,'To assemble the bowls, divide cooked cilantro lime rice among serving bowls. Top with black beans, roasted sweet potatoes, sliced avocado, and salsa.'),(298,32,7,'Garnish with additional chopped cilantro and lime wedges, if desired.'),(299,32,8,'Serve immediately and enjoy your flavorful Oaxacan Bowl!'),(300,33,1,'Preheat the oven to 375°F (190°C).'),(301,33,2,'Peel and slice the eggplant into 1/2-inch thick rounds.'),(302,33,3,'In three separate shallow dishes, place all-purpose flour in one, beaten eggs in another, and seasoned breadcrumbs in the third.'),(303,33,4,'Dip each eggplant slice into the flour, shaking off any excess, then dip into the beaten eggs, and finally coat with breadcrumbs, pressing gently to adhere.'),(304,33,5,'Heat vegetable oil in a large skillet over medium heat. Working in batches, fry the breaded eggplant slices until golden brown on both sides, about 2-3 minutes per side. Add more oil as needed.'),(305,33,6,'Remove fried eggplant slices from the skillet and drain on paper towels to remove excess oil.'),(306,33,7,'Spread a thin layer of marinara sauce in the bottom of a baking dish. Arrange a single layer of fried eggplant slices over the sauce.'),(307,33,8,'Sprinkle shredded mozzarella cheese and grated Parmesan cheese over the eggplant slices.'),(308,33,9,'Repeat layers of marinara sauce, eggplant slices, and cheeses until all ingredients are used, finishing with a layer of cheese on top.'),(309,33,10,'Bake in the preheated oven for 30-35 minutes, or until the cheese is melted and bubbly, and the eggplant is tender.'),(310,33,11,'Remove from the oven and let cool slightly before serving.'),(311,33,12,'Garnish with chopped fresh basil leaves and serve hot. Enjoy your Eggplant Parmesan!'),(312,34,1,'Cook pasta according to package instructions until al dente. Drain and set aside.'),(313,34,2,'In a large skillet, heat olive oil over medium heat. Add minced garlic and red pepper flakes. Cook for 1 minute, or until fragrant.'),(314,34,3,'Add sliced carrots and broccoli florets to the skillet. Cook for 2-3 minutes, stirring occasionally.'),(315,34,4,'Add sliced bell peppers, zucchini, and yellow squash to the skillet. Cook for an additional 3-4 minutes, or until vegetables are crisp-tender.'),(316,34,5,'Stir in halved cherry tomatoes and cook for 1-2 minutes, until tomatoes are slightly softened.'),(317,34,6,'Season the vegetable mixture with salt and black pepper, to taste.'),(318,34,7,'Add cooked pasta to the skillet with the vegetables. Toss to combine, adding more olive oil if needed to coat the pasta evenly.'),(319,34,8,'Remove from heat and stir in chopped fresh basil leaves.'),(320,34,9,'Serve hot, garnished with grated Parmesan cheese. Enjoy your Pasta Primavera!'),(321,35,1,'Clean Portobello mushrooms and remove the stems.'),(322,35,2,'In a small bowl, whisk together balsamic vinegar, olive oil, minced garlic, dried thyme, dried rosemary, salt, and black pepper to make the marinade.'),(323,35,3,'Brush the marinade onto both sides of the Portobello mushroom caps, coating them evenly.'),(324,35,4,'Let the mushrooms marinate for 10-15 minutes.'),(325,35,5,'Preheat a grill or grill pan over medium-high heat. Lightly oil the grill grates.'),(326,35,6,'Place the marinated Portobello mushrooms on the grill, gill side down. Cook for 4-5 minutes, then flip and cook for an additional 4-5 minutes, or until tender.'),(327,35,7,'While the mushrooms are grilling, toast the burger buns on the grill for 1-2 minutes, until lightly browned.'),(328,35,8,'Assemble the burgers by spreading mayonnaise and mustard on the bottom half of each toasted bun.'),(329,35,9,'Top with a grilled Portobello mushroom cap, lettuce leaves, sliced tomato, sliced red onion, and sliced avocado.'),(330,35,10,'Cover with the top half of the bun and serve immediately.'),(331,35,11,'Enjoy your delicious Portobello Mushroom Burgers!');
/*!40000 ALTER TABLE `instructions` ENABLE KEYS */;
UNLOCK TABLES;

--
-- Table structure for table `pantry`
--

DROP TABLE IF EXISTS `pantry`;
/*!40101 SET @saved_cs_client     = @@character_set_client */;
/*!50503 SET character_set_client = utf8mb4 */;
CREATE TABLE `pantry` (
  `user_id` int NOT NULL,
  `ingredient_id` int NOT NULL,
  `quantity` int NOT NULL,
  PRIMARY KEY (`user_id`,`ingredient_id`),
  KEY `ingredient_id` (`ingredient_id`),
  CONSTRAINT `pantry_ibfk_1` FOREIGN KEY (`user_id`) REFERENCES `users` (`id`),
  CONSTRAINT `pantry_ibfk_2` FOREIGN KEY (`ingredient_id`) REFERENCES `ingredients` (`id`)
) ENGINE=InnoDB DEFAULT CHARSET=utf8mb4 COLLATE=utf8mb4_0900_ai_ci;
/*!40101 SET character_set_client = @saved_cs_client */;

--
-- Dumping data for table `pantry`
--

LOCK TABLES `pantry` WRITE;
/*!40000 ALTER TABLE `pantry` DISABLE KEYS */;
/*!40000 ALTER TABLE `pantry` ENABLE KEYS */;
UNLOCK TABLES;

--
-- Table structure for table `recipe_ingredients`
--

DROP TABLE IF EXISTS `recipe_ingredients`;
/*!40101 SET @saved_cs_client     = @@character_set_client */;
/*!50503 SET character_set_client = utf8mb4 */;
CREATE TABLE `recipe_ingredients` (
  `recipe_id` int NOT NULL,
  `ingredient_id` int NOT NULL,
  `quantity` decimal(10,2) DEFAULT NULL,
  PRIMARY KEY (`recipe_id`,`ingredient_id`),
  KEY `ingredient_id` (`ingredient_id`),
  CONSTRAINT `recipe_ingredients_ibfk_1` FOREIGN KEY (`recipe_id`) REFERENCES `recipes` (`id`),
  CONSTRAINT `recipe_ingredients_ibfk_2` FOREIGN KEY (`ingredient_id`) REFERENCES `ingredients` (`id`)
) ENGINE=InnoDB DEFAULT CHARSET=utf8mb4 COLLATE=utf8mb4_0900_ai_ci;
/*!40101 SET character_set_client = @saved_cs_client */;

--
-- Dumping data for table `recipe_ingredients`
--

LOCK TABLES `recipe_ingredients` WRITE;
/*!40000 ALTER TABLE `recipe_ingredients` DISABLE KEYS */;
INSERT INTO `recipe_ingredients` VALUES (1,1,3.00),(1,2,2.00),(1,3,1.00),(1,4,0.50),(1,5,0.50),(1,6,1.00),(1,7,2.00),(1,8,1.00),(1,9,0.50),(2,10,2.00),(2,11,1.00),(2,12,0.50),(2,13,1.00),(2,14,0.30),(2,15,0.30),(2,16,2.00),(2,17,1.00),(2,18,1.00),(3,19,12.00),(3,20,3.00),(3,21,0.50),(3,22,4.00),(3,23,2.00),(3,24,1.00),(3,25,5.00),(4,26,2.00),(4,27,2.00),(4,28,2.00),(4,29,1.00),(4,30,1.00),(4,31,2.00),(4,32,2.00),(4,33,3.00),(4,34,2.00),(4,35,2.00),(4,36,1.00),(4,37,1.00),(4,38,2.00),(5,39,12.00),(5,40,2.00),(5,41,3.00),(5,42,4.00),(5,43,1.00),(5,44,1.00),(5,45,0.50),(5,46,0.50),(5,47,2.00),(6,48,1.00),(6,49,1.00),(6,50,1.00),(6,51,1.00),(6,52,1.00),(6,53,0.50),(6,54,1.00),(6,55,3.00),(6,56,1.00),(6,57,0.50),(6,58,1.40),(7,59,2.00),(7,60,2.00),(7,61,2.00),(7,62,1.00),(7,63,3.00),(7,64,2.00),(7,65,2.00),(7,66,2.00),(7,67,1.00),(7,68,2.00),(7,69,2.00),(7,70,0.50),(7,71,0.50),(8,72,4.00),(8,73,1.00),(8,74,2.00),(8,75,2.00),(8,76,4.00),(8,77,1.00),(8,78,0.50),(8,79,0.50),(9,80,4.00),(9,81,1.00),(9,82,0.50),(9,83,1.00),(9,84,0.50),(9,85,0.50),(9,86,0.25),(9,87,0.25),(9,88,1.00),(10,89,1.50),(10,90,2.00),(10,91,1.00),(10,92,4.00),(10,93,2.00),(10,94,4.00),(10,95,1.00),(10,96,4.00),(10,97,1.00),(10,98,2.00),(10,99,1.00),(10,100,1.00),(10,101,1.00),(10,102,4.00),(10,103,0.50),(11,104,1.50),(11,105,0.50),(11,106,0.25),(11,107,0.25),(11,108,0.25),(11,109,2.00),(11,110,1.00),(11,111,2.00),(11,112,2.00),(11,113,1.00),(12,114,1.00),(12,115,0.50),(12,116,0.25),(12,117,3.00),(12,118,1.00),(12,119,2.00),(12,120,2.00),(12,121,1.00),(13,122,2.00),(13,123,1.00),(13,124,2.00),(13,125,2.00),(13,126,2.00),(13,127,4.00),(13,128,8.00),(13,129,1.00),(13,130,1.00),(13,131,1.00),(13,132,1.00),(13,133,2.00),(13,134,1.00),(13,135,0.50),(14,137,1.00),(14,138,1.00),(14,139,0.50),(14,140,1.00),(14,141,1.00),(14,142,2.00),(14,143,1.00),(14,144,0.50),(14,145,0.50),(14,146,2.00),(14,147,0.25),(14,148,2.00),(14,149,1.00),(15,150,2.00),(15,151,12.00),(15,152,1.00),(15,153,1.00),(15,154,2.00),(15,155,1.00),(15,156,3.00),(15,157,3.00),(15,158,1.00),(15,159,1.00),(15,160,8.00),(15,161,1.00),(15,162,0.50),(15,163,0.50),(15,164,1.00),(15,165,2.00),(15,166,2.00),(15,167,0.50),(16,168,2.00),(16,169,1.00),(16,170,0.50),(16,171,3.00),(16,172,1.00),(16,173,2.00),(16,174,1.00),(16,175,1.00),(16,176,2.00),(16,177,0.50),(16,178,1.00),(16,179,2.00),(17,180,4.00),(17,181,4.00),(17,182,4.00),(17,183,2.00),(17,184,2.00),(17,185,1.00),(17,186,0.25),(17,187,0.50),(17,188,0.50),(18,189,2.00),(18,190,1.00),(18,191,1.00),(18,192,3.00),(18,193,4.00),(18,194,2.00),(18,195,1.00),(18,196,1.00),(18,197,0.50),(18,198,1.00),(18,199,0.50),(18,200,4.00),(18,201,2.00),(18,202,0.50),(19,203,2.00),(19,204,1.00),(19,205,2.00),(19,206,1.00),(19,207,1.00),(19,208,2.00),(19,209,1.00),(19,210,0.50),(19,211,0.50),(19,212,2.00),(20,213,2.00),(20,214,4.00),(20,215,0.50),(20,216,2.00),(20,217,1.00),(20,218,NULL),(20,219,NULL),(20,220,NULL),(20,221,NULL),(21,222,4.00),(21,223,1.00),(21,224,0.50),(21,225,1.00),(21,226,2.00),(21,227,2.00),(21,228,1.00),(21,229,2.00),(21,230,2.00),(21,231,NULL),(21,232,NULL),(22,233,2.00),(22,234,2.00),(22,235,4.00),(22,236,2.00),(22,237,4.00),(22,238,2.00),(22,239,2.00),(22,240,0.50),(22,241,0.25),(22,242,NULL),(22,243,NULL),(23,244,8.00),(23,245,8.00),(23,246,8.00),(23,247,8.00),(23,248,2.00),(23,249,2.00),(23,250,2.00),(23,251,2.00),(23,252,2.00),(23,253,2.00),(23,254,2.00),(23,255,2.00),(23,256,1.00),(23,257,2.00),(23,258,0.50),(23,259,0.50),(24,260,4.00),(24,261,2.00),(24,262,2.00),(24,263,1.00),(24,264,2.00),(24,265,1.00),(24,266,2.00),(24,267,4.00),(24,268,NULL),(24,269,NULL),(25,270,2.00),(25,271,3.00),(25,272,1.00),(25,273,1.00),(25,274,2.00),(25,275,2.00),(25,276,1.00),(25,277,1.00),(25,278,0.50),(25,279,0.50),(25,280,NULL),(25,281,4.00),(25,282,NULL),(25,283,NULL),(25,284,NULL),(25,285,NULL),(25,286,NULL),(26,287,1.00),(26,288,1.00),(26,289,4.00),(26,290,1.00),(26,291,1.00),(26,292,1.00),(26,293,0.50),(26,294,0.50),(26,295,0.25),(27,296,2.00),(27,297,1.00),(27,298,0.25),(27,299,2.00),(27,300,2.00),(27,301,1.00),(27,302,1.00),(27,303,1.00),(27,304,1.00),(27,305,0.50),(27,306,2.00),(27,307,1.00),(27,308,3.00),(27,309,2.00),(27,310,2.00),(27,311,1.00),(27,312,NULL),(27,313,NULL),(28,314,1.00),(28,315,NULL),(28,316,NULL),(28,317,0.50),(28,318,0.50),(28,319,0.25),(28,320,8.00),(28,321,4.00),(28,322,2.00),(28,323,4.00),(28,324,2.00),(28,325,1.00),(28,326,1.00),(28,327,1.00),(29,328,4.00),(29,329,8.00),(29,330,NULL),(29,331,2.00),(29,332,2.00),(29,333,NULL),(29,334,NULL),(30,335,2.00),(30,336,4.00),(30,337,1.00),(30,338,1.00),(30,339,0.50),(30,340,2.00),(30,341,1.00),(30,342,1.00),(30,343,1.00),(30,344,3.00),(30,345,2.00),(30,346,2.00),(30,347,2.00),(30,348,0.50),(30,349,1.00),(30,350,1.00),(31,351,12.00),(31,352,4.00),(31,353,1.00),(31,354,1.00),(31,355,1.00),(31,356,2.00),(31,357,1.00),(31,358,2.00),(31,359,2.00),(31,360,2.00),(31,361,2.00),(31,362,1.00),(31,363,1.00),(31,364,1.00),(31,365,1.00),(32,366,2.00),(32,367,2.00),(32,368,1.00),(32,369,1.00),(32,370,NULL),(32,371,1.00),(32,372,1.00),(32,373,2.00),(32,374,1.00),(32,375,1.00),(32,376,1.00),(32,377,1.00),(32,378,1.00),(33,379,2.00),(33,380,1.00),(33,381,2.00),(33,382,2.00),(33,383,0.50),(33,384,2.00),(33,385,2.00),(33,386,1.00),(33,387,NULL),(33,388,NULL),(33,389,NULL),(34,390,12.00),(34,391,2.00),(34,392,1.00),(34,393,1.00),(34,394,1.00),(34,395,1.00),(34,396,1.00),(34,397,3.00),(34,398,3.00),(34,399,0.50),(34,400,NULL),(34,401,NULL),(34,402,NULL),(34,403,0.50),(35,404,4.00),(35,405,3.00),(35,406,2.00),(35,407,2.00),(35,408,1.00),(35,409,1.00),(35,410,0.50),(35,411,NULL),(35,412,4.00),(35,413,4.00),(35,414,2.00),(35,415,1.00),(35,416,1.00),(35,417,2.00),(35,418,2.00);
/*!40000 ALTER TABLE `recipe_ingredients` ENABLE KEYS */;
UNLOCK TABLES;

--
-- Table structure for table `recipes`
--

DROP TABLE IF EXISTS `recipes`;
/*!40101 SET @saved_cs_client     = @@character_set_client */;
/*!50503 SET character_set_client = utf8mb4 */;
CREATE TABLE `recipes` (
  `id` int NOT NULL AUTO_INCREMENT,
  `name` varchar(255) NOT NULL,
  `description` text,
  `prep_time` int DEFAULT NULL,
  `cook_time` int DEFAULT NULL,
  `servings` int DEFAULT NULL,
  PRIMARY KEY (`id`)
) ENGINE=InnoDB AUTO_INCREMENT=37 DEFAULT CHARSET=utf8mb4 COLLATE=utf8mb4_0900_ai_ci;
/*!40101 SET character_set_client = @saved_cs_client */;

--
-- Dumping data for table `recipes`
--

LOCK TABLES `recipes` WRITE;
/*!40000 ALTER TABLE `recipes` DISABLE KEYS */;
INSERT INTO `recipes` VALUES (1,'Banana Bread','A delicious homemade banana bread.',15,60,8),(2,'Chocolate Chip Cookies','Classic homemade chocolate chip cookies.',15,10,24),(3,'Spaghetti Carbonara','A classic Italian pasta dish with creamy sauce.',10,15,4),(4,'Vegetable Stir-Fry','A healthy and flavorful dish made with fresh vegetables.',15,15,4),(5,'Chicken Alfredo Pasta','Creamy and delicious pasta dish with tender chicken.',20,20,4),(6,'Quinoa Salad','A refreshing and nutritious salad with quinoa, vegetables, and a zesty dressing.',15,20,4),(7,'Vegetable Curry','A flavorful and comforting vegetarian curry with assorted vegetables.',20,30,4),(8,'Grilled Salmon','Delicious and flavorful grilled salmon topped with a tangy lemon herb butter sauce.',15,15,4),(9,'Veggie Omelette','A delicious and nutritious omelette filled with colorful vegetables and cheese.',10,10,2),(10,'Mandi Chicken','A traditional Yemeni dish featuring tender and flavorful chicken served over fragrant rice.',30,90,4),(11,'Chicken Teriyaki','A classic Japanese dish featuring tender chicken glazed in a sweet and savory teriyaki sauce.',15,20,4),(12,'Honey Garlic Shrimp','A delightful dish featuring succulent shrimp coated in a sweet and savory honey garlic sauce.',10,10,4),(13,'Minestrone Soup','A hearty Italian soup filled with vegetables, beans, and pasta in a flavorful broth.',15,30,6),(14,'Swedish Meatballs','Classic Swedish meatballs made with a blend of ground beef and pork, served in a creamy gravy.',20,25,4),(15,'Vietnamese Pho','A traditional Vietnamese noodle soup with aromatic broth, tender beef or chicken, and fresh herbs.',30,120,4),(16,'Masala Dosa','A popular South Indian dish consisting of a crispy fermented crepe filled with a spiced potato filling.',720,30,4),(17,'Croque Monsieur','A classic French sandwich made with ham, cheese, and béchamel sauce, grilled until crispy and golden brown.',15,15,2),(18,'Shakshuka','A North African and Middle Eastern dish consisting of poached eggs in a spicy tomato and pepper sauce.',10,20,4),(19,'Huevos Rancheros','A classic Mexican breakfast dish consisting of fried eggs served on tortillas and topped with salsa and other garnishes.',10,15,2),(20,'Sushi Rolls','A popular Japanese dish made with seasoned rice, nori seaweed, and a variety of fillings such as fish, vegetables, and avocado.',30,0,4),(21,'Kimchi Fried Rice','A Korean dish made with cooked rice stir-fried with kimchi, vegetables, and usually meat or tofu.',15,15,4),(22,'Eggs Benedict','A classic breakfast or brunch dish consisting of poached eggs and Canadian bacon served on toasted English muffins and topped with hollandaise sauce.',15,15,2),(23,'Pad Thai','A popular Thai stir-fried noodle dish made with rice noodles, tofu, shrimp, or chicken, flavored with tamarind sauce, fish sauce, and lime juice, and garnished with peanuts and cilantro.',20,15,4),(24,'English Breakfast','A hearty and traditional British breakfast consisting of bacon, eggs, sausage, baked beans, tomatoes, mushrooms, and toast.',15,20,2),(25,'Falafel Wrap','A Middle Eastern-inspired wrap filled with homemade falafel, fresh vegetables, and a creamy tahini sauce, all wrapped in a warm pita bread.',30,20,4),(26,'Quiche Lorraine','A classic French savory tart made with a buttery pastry crust filled with a rich custard made from eggs, cream, bacon, and cheese.',30,45,8),(27,'Chicken Tikka Masala','A popular Indian dish consisting of marinated and grilled chicken pieces served in a creamy, spiced tomato sauce.',60,30,4),(28,'Peking Duck','A traditional Chinese dish known for its crispy skin and tender meat, served with pancakes, scallions, cucumber, and hoisin sauce.',720,180,6),(29,'Caprese Salad','A simple and classic Italian salad made with fresh tomatoes, mozzarella cheese, basil leaves, olive oil, and balsamic glaze.',15,0,4),(30,'Vegan Shepherds Pie','A hearty and comforting vegan version of the classic shepherd\'s pie, featuring a savory mushroom and lentil filling topped with creamy mashed potatoes.',30,45,6),(31,'Miso Tofu Wrap','A flavorful vegan wrap filled with marinated miso tofu, crisp vegetables, and creamy avocado, wrapped in a soft tortilla.',30,15,4),(32,'Oaxacan Bowl','A vibrant and flavorful vegan bowl inspired by the cuisine of Oaxaca, Mexico, featuring black beans, roasted sweet potatoes, avocado, salsa, and cilantro lime rice.',45,30,4),(33,'Eggplant Parmesan','A classic Italian dish featuring breaded and baked eggplant slices layered with marinara sauce, mozzarella cheese, and Parmesan cheese.',45,45,6),(34,'Pasta Primavera','A vibrant and flavorful pasta dish loaded with fresh spring vegetables, tossed in a light olive oil and garlic sauce, and finished with grated Parmesan cheese.',20,20,4),(35,'Portobello Burgers','Juicy grilled Portobello mushrooms marinated in balsamic vinegar, garlic, and herbs, served on toasted burger buns with your favorite toppings.',15,15,4);
/*!40000 ALTER TABLE `recipes` ENABLE KEYS */;
UNLOCK TABLES;

--
-- Table structure for table `recipetags`
--

DROP TABLE IF EXISTS `recipetags`;
/*!40101 SET @saved_cs_client     = @@character_set_client */;
/*!50503 SET character_set_client = utf8mb4 */;
CREATE TABLE `recipetags` (
  `recipe_id` int NOT NULL,
  `tag_id` int NOT NULL,
  PRIMARY KEY (`recipe_id`,`tag_id`),
  KEY `tag_id` (`tag_id`),
  CONSTRAINT `recipetags_ibfk_1` FOREIGN KEY (`recipe_id`) REFERENCES `recipes` (`id`),
  CONSTRAINT `recipetags_ibfk_2` FOREIGN KEY (`tag_id`) REFERENCES `tags` (`id`)
) ENGINE=InnoDB DEFAULT CHARSET=utf8mb4 COLLATE=utf8mb4_0900_ai_ci;
/*!40101 SET character_set_client = @saved_cs_client */;

--
-- Dumping data for table `recipetags`
--

LOCK TABLES `recipetags` WRITE;
/*!40000 ALTER TABLE `recipetags` DISABLE KEYS */;
INSERT INTO `recipetags` VALUES (1,1),(2,2),(3,3),(4,4),(5,6),(5,7),(6,8),(6,9),(7,10),(7,11),(7,12),(8,13),(8,14),(8,15),(9,16),(9,17),(10,18),(10,19),(10,20),(11,21),(11,22),(11,23),(12,24),(12,25),(12,26),(13,27),(13,28),(13,29),(14,30),(14,31),(14,32),(15,33),(15,34),(15,35),(16,36),(16,37),(16,38),(17,39),(17,40),(17,41),(18,42),(18,43),(18,44),(19,45),(19,46),(19,47),(20,48),(20,49),(20,50),(21,51),(21,52),(21,53),(22,54),(22,55),(22,56),(23,57),(23,58),(23,59),(24,60),(24,61),(24,62),(25,63),(25,64),(25,65),(25,66),(26,67),(26,68),(26,69),(26,70),(27,71),(27,72),(27,73),(27,74),(28,76),(28,77),(28,78),(28,79),(29,80),(29,81),(29,82),(29,83),(30,84),(30,85),(30,86),(30,87),(31,88),(31,89),(31,90),(31,91),(32,92),(32,93),(32,94),(32,95),(33,96),(33,97),(33,98),(33,99),(34,100),(34,101),(34,102),(34,103),(35,104),(35,105),(35,106),(35,107),(1,108);
/*!40000 ALTER TABLE `recipetags` ENABLE KEYS */;
UNLOCK TABLES;

--
-- Table structure for table `shareablerecipes`
--

DROP TABLE IF EXISTS `shareablerecipes`;
/*!40101 SET @saved_cs_client     = @@character_set_client */;
/*!50503 SET character_set_client = utf8mb4 */;
CREATE TABLE `shareablerecipes` (
  `id` int NOT NULL AUTO_INCREMENT,
  `sender_username` varchar(50) NOT NULL,
  `recipient_username` varchar(50) NOT NULL,
  `recipe_id` int NOT NULL,
  `message` text,
  PRIMARY KEY (`id`),
  KEY `recipe_id` (`recipe_id`),
  CONSTRAINT `shareablerecipes_ibfk_1` FOREIGN KEY (`recipe_id`) REFERENCES `recipes` (`id`)
) ENGINE=InnoDB AUTO_INCREMENT=4 DEFAULT CHARSET=utf8mb4 COLLATE=utf8mb4_0900_ai_ci;
/*!40101 SET character_set_client = @saved_cs_client */;

--
-- Dumping data for table `shareablerecipes`
--

LOCK TABLES `shareablerecipes` WRITE;
/*!40000 ALTER TABLE `shareablerecipes` DISABLE KEYS */;
INSERT INTO `shareablerecipes` VALUES (1,'user1','user2',1,'from your friend nabil'),(2,'user1','user2',5,'hello my friend'),(3,'user2','a',1,'try this user a');
/*!40000 ALTER TABLE `shareablerecipes` ENABLE KEYS */;
UNLOCK TABLES;

--
-- Table structure for table `tags`
--

DROP TABLE IF EXISTS `tags`;
/*!40101 SET @saved_cs_client     = @@character_set_client */;
/*!50503 SET character_set_client = utf8mb4 */;
CREATE TABLE `tags` (
  `id` int NOT NULL AUTO_INCREMENT,
  `name` varchar(50) NOT NULL,
  PRIMARY KEY (`id`)
) ENGINE=InnoDB AUTO_INCREMENT=110 DEFAULT CHARSET=utf8mb4 COLLATE=utf8mb4_0900_ai_ci;
/*!40101 SET character_set_client = @saved_cs_client */;

--
-- Dumping data for table `tags`
--

LOCK TABLES `tags` WRITE;
/*!40000 ALTER TABLE `tags` DISABLE KEYS */;
INSERT INTO `tags` VALUES (1,'Dessert'),(2,'Dessert'),(3,'Main Course'),(4,'Main Course'),(6,'Main Course'),(7,'Italian'),(8,'Salad'),(9,'Healthy'),(10,'Main Course'),(11,'Vegetarian'),(12,'Comfort Food'),(13,'Main Course'),(14,'Seafood'),(15,'Grill'),(16,'Breakfast'),(17,'Vegetarian'),(18,'Main Course'),(19,'Chicken'),(20,'Yemeni'),(21,'Main Course'),(22,'Chicken'),(23,'Japanese'),(24,'Main Course'),(25,'Seafood'),(26,'Asian'),(27,'Soup'),(28,'Italian'),(29,'Vegetarian'),(30,'Main Course'),(31,'Swedish'),(32,'Comfort Food'),(33,'Soup'),(34,'Vietnamese'),(35,'Noodles'),(36,'Main Course'),(37,'South Indian'),(38,'Vegetarian'),(39,'Main Course'),(40,'French'),(41,'Sandwich'),(42,'Main Course'),(43,'North African'),(44,'Middle Eastern'),(45,'Breakfast'),(46,'Mexican'),(47,'Brunch'),(48,'Main Course'),(49,'Japanese'),(50,'Seafood'),(51,'Main Course'),(52,'Korean'),(53,'Vegetarian'),(54,'Breakfast'),(55,'Brunch'),(56,'American'),(57,'Main Course'),(58,'Thai'),(59,'Noodles'),(60,'Breakfast'),(61,'British'),(62,'Hearty'),(63,'Main Course'),(64,'Middle Eastern'),(65,'Vegetarian'),(66,'Wrap'),(67,'Main Course'),(68,'French'),(69,'Savory'),(70,'Tart'),(71,'Main Course'),(72,'Indian'),(73,'Spicy'),(74,'Curry'),(76,'Main Course'),(77,'Chinese'),(78,'Roast'),(79,'Traditional'),(80,'Appetizer'),(81,'Italian'),(82,'Salad'),(83,'Fresh'),(84,'Main Course'),(85,'Vegan'),(86,'Comfort Food'),(87,'Plant-Based'),(88,'Main Course'),(89,'Vegan'),(90,'Wrap'),(91,'Asian Fusion'),(92,'Main Course'),(93,'Vegan'),(94,'Mexican'),(95,'Bowl'),(96,'Main Course'),(97,'Italian'),(98,'Comfort Food'),(99,'Vegetarian'),(100,'Main Course'),(101,'Italian'),(102,'Pasta'),(103,'Vegetarian'),(104,'Main Course'),(105,'Burger'),(106,'Grilling'),(107,'Vegetarian'),(108,'Breakfast'),(109,'Test');
/*!40000 ALTER TABLE `tags` ENABLE KEYS */;
UNLOCK TABLES;

--
-- Table structure for table `users`
--

DROP TABLE IF EXISTS `users`;
/*!40101 SET @saved_cs_client     = @@character_set_client */;
/*!50503 SET character_set_client = utf8mb4 */;
CREATE TABLE `users` (
  `id` int NOT NULL AUTO_INCREMENT,
  `username` varchar(50) NOT NULL,
  `password` varchar(255) NOT NULL,
  `first_name` varchar(50) NOT NULL,
  `last_name` varchar(50) NOT NULL,
  `isAdmin` tinyint(1) NOT NULL DEFAULT '0',
  `needs_tutorial` tinyint(1) NOT NULL DEFAULT '0',
  PRIMARY KEY (`id`),
  UNIQUE KEY `username` (`username`)
) ENGINE=InnoDB AUTO_INCREMENT=26 DEFAULT CHARSET=utf8mb4 COLLATE=utf8mb4_0900_ai_ci;
/*!40101 SET character_set_client = @saved_cs_client */;

--
-- Dumping data for table `users`
--

LOCK TABLES `users` WRITE;
/*!40000 ALTER TABLE `users` DISABLE KEYS */;
INSERT INTO `users` VALUES (3,'admin1','admin_password','Nabil','admin',1,0),(19,'LunaStar','123','Samantha','Rodriguez',0,0),(20,'TechNinja','123','Elijah','Patel',0,0),(21,'JazzCat','123','Mia','Thompson',0,0),(22,'PixelGuru','123','Gabriel','Nguyen',0,0),(23,'AquaFlame','123','Emily','Wilson',0,0),(24,'user1','123','Nabil','Bari',0,0),(25,'admin','123','admin','admin',1,0);
/*!40000 ALTER TABLE `users` ENABLE KEYS */;
UNLOCK TABLES;

--
-- Table structure for table `weeklydinnerlists`
--

DROP TABLE IF EXISTS `weeklydinnerlists`;
/*!40101 SET @saved_cs_client     = @@character_set_client */;
/*!50503 SET character_set_client = utf8mb4 */;
CREATE TABLE `weeklydinnerlists` (
  `PlanId` int NOT NULL AUTO_INCREMENT,
  `UserId` int DEFAULT NULL,
  `RecipeId` int DEFAULT NULL,
  `Date` date DEFAULT NULL,
  `MondayDishes` text,
  `TuesdayDishes` text,
  `WednesdayDishes` text,
  `ThursdayDishes` text,
  `FridayDishes` text,
  `WeekendDishes` text,
  PRIMARY KEY (`PlanId`),
  KEY `UserId` (`UserId`),
  KEY `RecipeId` (`RecipeId`),
  CONSTRAINT `weeklydinnerlists_ibfk_1` FOREIGN KEY (`UserId`) REFERENCES `users` (`id`),
  CONSTRAINT `weeklydinnerlists_ibfk_2` FOREIGN KEY (`RecipeId`) REFERENCES `recipes` (`id`)
) ENGINE=InnoDB AUTO_INCREMENT=89 DEFAULT CHARSET=utf8mb4 COLLATE=utf8mb4_0900_ai_ci;
/*!40101 SET character_set_client = @saved_cs_client */;

--
-- Dumping data for table `weeklydinnerlists`
--

LOCK TABLES `weeklydinnerlists` WRITE;
/*!40000 ALTER TABLE `weeklydinnerlists` DISABLE KEYS */;
/*!40000 ALTER TABLE `weeklydinnerlists` ENABLE KEYS */;
UNLOCK TABLES;
/*!40103 SET TIME_ZONE=@OLD_TIME_ZONE */;

/*!40101 SET SQL_MODE=@OLD_SQL_MODE */;
/*!40014 SET FOREIGN_KEY_CHECKS=@OLD_FOREIGN_KEY_CHECKS */;
/*!40014 SET UNIQUE_CHECKS=@OLD_UNIQUE_CHECKS */;
/*!40101 SET CHARACTER_SET_CLIENT=@OLD_CHARACTER_SET_CLIENT */;
/*!40101 SET CHARACTER_SET_RESULTS=@OLD_CHARACTER_SET_RESULTS */;
/*!40101 SET COLLATION_CONNECTION=@OLD_COLLATION_CONNECTION */;
/*!40111 SET SQL_NOTES=@OLD_SQL_NOTES */;

-- Dump completed on 2024-05-30  3:58:49
